Amount,InterestRate,Volatility,Maturity,Coupon,Description
20000.000000,0.030000,0.001000,2029,200.000000,Bond1
40000.000000,0.020000,0.050000,2032,100.000000,Bond2
3000.000000,0.030000,0.100000,2032,150.000000,Bond3
10000.000000,0.050000,0.010000,2025,100.000000,Bond4
