Amount,InterestRate,Volatility,NetOperatingIncome,Description
2000000.000000,0.010000,0.400000,5000.000000,Vacation Villa
560000.000000,0.010000,0.400000,2000.000000,Downtown Apartment
