Amount,InterestRate,Volatility,Dividend,DividendGrowthRate,Description
8000.000000,0.050000,0.400000,5.000000,0.010000,Stock_TSLA
3000.000000,0.050000,0.100000,3.000000,0.030000,Stock_AMZN
5000.000000,0.050000,0.030000,1.000000,0.020000,Stock_APPL
